-- 부서 DEPT
INSERT INTO DEPT (DEPT_ID, DEPT_NAME, PARENT_ID, HEAD_EMP_ID, USE_YN, CREATED_DATE, DEPT_ABBR)
VALUES ('DEP999', '대표', NULL, NULL, 'Y', SYSDATE, 'ROOT');
INSERT INTO DEPT (DEPT_ID, DEPT_NAME, PARENT_ID, HEAD_EMP_ID, USE_YN, CREATED_DATE, DEPT_ABBR)
VALUES ('DEP000', 'ERP본부', 'DEP999', NULL, 'Y', SYSDATE, 'ERP');
INSERT INTO DEPT (DEPT_ID, DEPT_NAME, PARENT_ID, HEAD_EMP_ID, USE_YN, CREATED_DATE, DEPT_ABBR)
VALUES ('DEP100', 'MES본부', 'DEP999', NULL, 'Y', SYSDATE, 'MES');
INSERT INTO DEPT (DEPT_ID, DEPT_NAME, PARENT_ID, HEAD_EMP_ID, USE_YN, CREATED_DATE, DEPT_ABBR)
VALUES ('DEP001', '개발부', 'DEP000', NULL, 'Y', SYSDATE, 'DEV');
INSERT INTO DEPT (DEPT_ID, DEPT_NAME, PARENT_ID, HEAD_EMP_ID, USE_YN, CREATED_DATE, DEPT_ABBR)
VALUES ('DEP002', '마케팅부', 'DEP000', NULL, 'Y', SYSDATE, 'MKT');
INSERT INTO DEPT (DEPT_ID, DEPT_NAME, PARENT_ID, HEAD_EMP_ID, USE_YN, CREATED_DATE, DEPT_ABBR)
VALUES ('DEP003', '생산부', 'DEP100', NULL, 'Y', SYSDATE, 'PRD');
INSERT INTO DEPT (DEPT_ID, DEPT_NAME, PARENT_ID, HEAD_EMP_ID, USE_YN, CREATED_DATE, DEPT_ABBR)
VALUES ('DEP004', '영업부', 'DEP000', NULL, 'Y', SYSDATE, 'SAL');
INSERT INTO DEPT (DEPT_ID, DEPT_NAME, PARENT_ID, HEAD_EMP_ID, USE_YN, CREATED_DATE, DEPT_ABBR)
VALUES ('DEP005', '인사부', 'DEP000', NULL, 'Y', SYSDATE, 'HR');

-- 직급 POSITION
INSERT INTO POSITION (POS_CODE, POS_NAME, RANK_ORDER, IS_EXECUTIVE, USE_YN, CREATED_DATE)
VALUES ('POS001', '사원', 1, 'N', 'Y', SYSDATE);
INSERT INTO POSITION (POS_CODE, POS_NAME, RANK_ORDER, IS_EXECUTIVE, USE_YN, CREATED_DATE)
VALUES ('POS002', '대리', 2, 'N', 'Y', SYSDATE);
INSERT INTO POSITION (POS_CODE, POS_NAME, RANK_ORDER, IS_EXECUTIVE, USE_YN, CREATED_DATE)
VALUES ('POS003', '과장', 3, 'N', 'Y', SYSDATE);
INSERT INTO POSITION (POS_CODE, POS_NAME, RANK_ORDER, IS_EXECUTIVE, USE_YN, CREATED_DATE)
VALUES ('POS004', '차장', 4, 'N', 'Y', SYSDATE);
INSERT INTO POSITION (POS_CODE, POS_NAME, RANK_ORDER, IS_EXECUTIVE, USE_YN, CREATED_DATE)
VALUES ('POS005', '부장', 5, 'N', 'Y', SYSDATE);
INSERT INTO POSITION (POS_CODE, POS_NAME, RANK_ORDER, IS_EXECUTIVE, USE_YN, CREATED_DATE)
VALUES ('POS006', '이사', 6, 'Y', 'Y', SYSDATE);
INSERT INTO POSITION (POS_CODE, POS_NAME, RANK_ORDER, IS_EXECUTIVE, USE_YN, CREATED_DATE)
VALUES ('POS007', '사장', 7, 'Y', 'Y', SYSDATE);

-- 역할 ROLE
INSERT INTO ROLE (ROLE_CODE, ROLE_NAME, ROLE_DESC, USE_YN, CREATED_DATE)
SELECT 'ROLE_SYS_ADMIN', '시스템 관리자', '전체 시스템 관리 (권한/공통코드 포함)', 'Y', SYSDATE FROM DUAL;
INSERT INTO ROLE (ROLE_CODE, ROLE_NAME, ROLE_DESC, USE_YN, CREATED_DATE)
SELECT 'ROLE_HR_ADMIN', '인사 관리자', '사원/조직/인사발령/근태 전체 관리', 'Y', SYSDATE FROM DUAL;
INSERT INTO ROLE (ROLE_CODE, ROLE_NAME, ROLE_DESC, USE_YN, CREATED_DATE)
SELECT 'ROLE_ATTEND_ADMIN', '근태 관리자', '근태 정책 및 출퇴근/연차 관리', 'Y', SYSDATE FROM DUAL;
INSERT INTO ROLE (ROLE_CODE, ROLE_NAME, ROLE_DESC, USE_YN, CREATED_DATE)
SELECT 'ROLE_DEPT_MANAGER', '부서장', '본인 부서 인원 관리 및 부서 공지 작성', 'Y', SYSDATE FROM DUAL;
INSERT INTO ROLE (ROLE_CODE, ROLE_NAME, ROLE_DESC, USE_YN, CREATED_DATE)
SELECT 'ROLE_PAYROLL_ADMIN', '급여 관리자', '급여계산/급여정보 조회 관리', 'Y', SYSDATE FROM DUAL;
INSERT INTO ROLE (ROLE_CODE, ROLE_NAME, ROLE_DESC, USE_YN, CREATED_DATE)
SELECT 'ROLE_APPROVAL_ADMIN', '전자결재 관리자', '결재선·양식·결재규칙 설정', 'Y', SYSDATE FROM DUAL;
INSERT INTO ROLE (ROLE_CODE, ROLE_NAME, ROLE_DESC, USE_YN, CREATED_DATE)
SELECT 'ROLE_NOTICE_WRITER', '공지 작성자', '공지 작성/수정/삭제 가능', 'Y', SYSDATE FROM DUAL;
INSERT INTO ROLE (ROLE_CODE, ROLE_NAME, ROLE_DESC, USE_YN, CREATED_DATE)
SELECT 'ROLE_MES_MANAGER', 'MES 관리자', 'MES 운영 및 전체 생산관리', 'Y', SYSDATE FROM DUAL;
INSERT INTO ROLE (ROLE_CODE, ROLE_NAME, ROLE_DESC, USE_YN, CREATED_DATE)
SELECT 'ROLE_MES_USER', 'MES 사용자', 'MES 기능 사용 (작업지시·실적 입력)', 'Y', SYSDATE FROM DUAL;

-- 결재문서 APPROVAL_DOC
INSERT INTO approval_doc(
            APPROVAL_ID	  -- 결재 문서ID
            ,APPROVAL_TITLE	-- 문서제목
            ,APPROVER	--결재권한자
            ,CREATED_DATE	--생성일자
            ,DOC_STATUS	--문서상태
            ,EMP_ID	--사원번호
            ,EXPND_TYPE	 --지출종류
            ,FINISH_DATE --완료 예정일자	
            ,FORM_TYPE --양식종류
            ,REASON	--사유
            ,START_DATE --시작 휴가일자
            ,END_DATE -- 종료 휴가일자
            ,TO_DEPT_ID --발령부서
            )
VALUES(202511150101,'테스트용 문서제목','2511491',sysdate,'','2511491','고정지출',sysdate,'지출결의서','테스트용입니다.',sysdate,sysdate,'개발부');
INSERT INTO approval_doc(APPROVAL_ID ,APPROVAL_TITLE ,APPROVER	,CREATED_DATE ,DOC_STATUS,EMP_ID ,EXPND_TYPE ,FINISH_DATE ,FORM_TYPE ,REASON,START_DATE,END_DATE,TO_DEPT_ID)
VALUES(202511150102,'개발부용 테스트 문서제목','',sysdate,'','2103347','변동지출',sysdate,'자유양식결재서','테스트용입니다.',sysdate,sysdate,'마케팅부');
INSERT INTO approval_doc(APPROVAL_ID ,APPROVAL_TITLE ,APPROVER	,CREATED_DATE ,DOC_STATUS,EMP_ID ,EXPND_TYPE ,FINISH_DATE ,FORM_TYPE ,REASON,START_DATE,END_DATE,TO_DEPT_ID)
VALUES(202511150103,'마케팅부용 테스트 문서제목','',sysdate,'','1907475','변동지출',sysdate,'인사발령신청서','테스트용입니다.',sysdate,sysdate,'생산부');
INSERT INTO approval_doc(APPROVAL_ID ,APPROVAL_TITLE ,APPROVER	,CREATED_DATE ,DOC_STATUS,EMP_ID ,EXPND_TYPE ,FINISH_DATE ,FORM_TYPE ,REASON,START_DATE,END_DATE,TO_DEPT_ID)
VALUES(202511150104,'생산부용 테스트 문서제목','',sysdate,'','1707923','비정기지출',sysdate,'휴가연차신청서','테스트용입니다.',sysdate,sysdate,'영업부');
INSERT INTO approval_doc(APPROVAL_ID ,APPROVAL_TITLE ,APPROVER	,CREATED_DATE ,DOC_STATUS,EMP_ID ,EXPND_TYPE ,FINISH_DATE ,FORM_TYPE ,REASON,START_DATE,END_DATE,TO_DEPT_ID)
VALUES(202511150105,'영업부용 테스트 문서제목','',sysdate,'','1209349','고정지출',sysdate,'지출결의서','테스트용입니다.',sysdate,sysdate,'인사부');
INSERT INTO approval_doc(APPROVAL_ID ,APPROVAL_TITLE ,APPROVER	,CREATED_DATE ,DOC_STATUS,EMP_ID ,EXPND_TYPE ,FINISH_DATE ,FORM_TYPE ,REASON,START_DATE,END_DATE,TO_DEPT_ID)
VALUES(202511150106,'인사부용 테스트 문서제목','',sysdate,'','2511733','고정지출',sysdate,'자유양식결재서','테스트용입니다.',sysdate,sysdate,'ERP본부');
INSERT INTO approval_doc(APPROVAL_ID ,APPROVAL_TITLE ,APPROVER	,CREATED_DATE ,DOC_STATUS,EMP_ID ,EXPND_TYPE ,FINISH_DATE ,FORM_TYPE ,REASON,START_DATE,END_DATE,TO_DEPT_ID)
VALUES(202511150107,'인사부용 테스트 전도연 문서제목','2401300',sysdate,'','2104502','고정지출',sysdate,'자유양식결재서','테스트용전도연입니다.',sysdate,sysdate,'MES본부');
INSERT INTO approval_doc(APPROVAL_ID ,APPROVAL_TITLE ,APPROVER	,CREATED_DATE ,DOC_STATUS,EMP_ID ,EXPND_TYPE ,FINISH_DATE ,FORM_TYPE ,REASON,START_DATE,END_DATE,TO_DEPT_ID)
VALUES(202511150108,'인사부용 테스트 전도연2 문서제목','',sysdate,'','2104502','비정기지출',sysdate,'자유양식결재서','테스트용 2 입니다.',sysdate,sysdate,'개발3팀본부');
INSERT INTO approval_doc(APPROVAL_ID ,APPROVAL_TITLE ,APPROVER	,CREATED_DATE ,DOC_STATUS,EMP_ID ,EXPND_TYPE ,FINISH_DATE ,FORM_TYPE ,REASON,START_DATE,END_DATE,TO_DEPT_ID)
VALUES(202511150109,'인사부용 테스트 전도연3 문서제목','',sysdate,'','2104502','정기지출',sysdate,'자유양식결재서','테스트용 3 입니다.',sysdate,sysdate,'개발2팀본부');
INSERT INTO approval_doc(APPROVAL_ID ,APPROVAL_TITLE ,APPROVER	,CREATED_DATE ,DOC_STATUS,EMP_ID ,EXPND_TYPE ,FINISH_DATE ,FORM_TYPE ,REASON,START_DATE,END_DATE,TO_DEPT_ID)
VALUES(202511150110,'영업부 김구1 문서제목 테스트','1306178',sysdate,'1차대기','2505823','비정기지출',sysdate,'자유양식결재서','테스트용 김구1 입니다.',sysdate,sysdate,'개발2팀본부');
INSERT INTO approval_doc(APPROVAL_ID ,APPROVAL_TITLE ,APPROVER	,CREATED_DATE ,DOC_STATUS,EMP_ID ,EXPND_TYPE ,FINISH_DATE ,FORM_TYPE ,REASON,START_DATE,END_DATE,TO_DEPT_ID)
VALUES(202511150111,'영업부 김구2 문서제목 테스트','1306178',sysdate,'완료','2505823','고정지출',sysdate,'지출결의서','테스트용 김구2 종료 입니다.',sysdate,sysdate,'개발2팀본부');
INSERT INTO approval_doc(APPROVAL_ID ,APPROVAL_TITLE ,APPROVER	,CREATED_DATE ,DOC_STATUS,EMP_ID ,EXPND_TYPE ,FINISH_DATE ,FORM_TYPE ,REASON,START_DATE,END_DATE,TO_DEPT_ID)
VALUES(202511150112,'영업부 김구3 문서제목 테스트','',sysdate,'완료','2505823','비정지출',sysdate,'지출결의서','테스트용 김구3 종료 입니다.',sysdate,sysdate,'개발2팀본부');
INSERT INTO approval_doc(APPROVAL_ID ,APPROVAL_TITLE ,APPROVER	,CREATED_DATE ,DOC_STATUS,EMP_ID ,EXPND_TYPE ,FINISH_DATE ,FORM_TYPE ,REASON,START_DATE,END_DATE,TO_DEPT_ID,leave_type)
VALUES(202511150113,'개발부 박경찬1 문서제목 테스트','2506589',sysdate,'1차대기','2001752','',sysdate,'연차신청서','테스트용 개발부 박경찬1 입니다.',sysdate,sysdate+10,'','연차');
INSERT INTO approval_doc(APPROVAL_ID ,APPROVAL_TITLE ,APPROVER	,CREATED_DATE ,DOC_STATUS,EMP_ID ,EXPND_TYPE ,FINISH_DATE ,FORM_TYPE ,REASON,START_DATE,END_DATE,TO_DEPT_ID,leave_type)
VALUES(202511150114,'개발부 박경찬2 문서제목 테스트','2506589',sysdate,'1차대기','2001752','',sysdate,'반차신청서','테스트용 개발부 박경찬2 입니다.',sysdate,sysdate,'','반차');
INSERT INTO approval_doc(APPROVAL_ID ,APPROVAL_TITLE ,APPROVER	,CREATED_DATE ,DOC_STATUS,EMP_ID ,EXPND_TYPE ,FINISH_DATE ,FORM_TYPE ,REASON,START_DATE,END_DATE,TO_DEPT_ID,leave_type)
VALUES(202511150115,'개발부 박경찬3 문서제목 테스트','2506589',sysdate,'1차대기','2001752','',sysdate,'반차신청서','테스트용 개발부 박경찬3 입니다.',sysdate,sysdate,'','병가');
INSERT INTO approval_doc(APPROVAL_ID ,APPROVAL_TITLE ,APPROVER	,CREATED_DATE ,DOC_STATUS,EMP_ID ,EXPND_TYPE ,FINISH_DATE ,FORM_TYPE ,REASON,START_DATE,END_DATE,TO_DEPT_ID,leave_type)
VALUES(202511150116,'개발부 박경찬4 문서제목 테스트','2506589',sysdate,'완료','2001752','',sysdate,'지출결의서','테스트용 개발부 박경찬4 입니다.',sysdate,sysdate+10,'','');
INSERT INTO approval_doc(APPROVAL_ID ,APPROVAL_TITLE ,APPROVER	,CREATED_DATE ,DOC_STATUS,EMP_ID ,EXPND_TYPE ,FINISH_DATE ,FORM_TYPE ,REASON,START_DATE,END_DATE,TO_DEPT_ID,leave_type)
VALUES(202511150117,'개발부 박경찬5 문서제목 테스트','2511793',sysdate,'완료','2001752','',sysdate,'인사발령신청서','테스트용 개발부 박경찬5 입니다.',sysdate,sysdate,'인사부','');
INSERT INTO approval_doc(APPROVAL_ID ,APPROVAL_TITLE ,APPROVER	,CREATED_DATE ,DOC_STATUS,EMP_ID ,EXPND_TYPE ,FINISH_DATE ,FORM_TYPE ,REASON,START_DATE,END_DATE,TO_DEPT_ID,leave_type)
VALUES(202511150118,'개발부 박경찬6 문서제목 테스트','1904184',sysdate,'완료','2001752','',sysdate,'자유양식결재서','테스트용 개발부 박경찬6 입니다.',sysdate,sysdate,'','');
INSERT INTO approval_doc(APPROVAL_ID ,APPROVAL_TITLE ,APPROVER	,CREATED_DATE ,DOC_STATUS,EMP_ID ,EXPND_TYPE ,FINISH_DATE ,FORM_TYPE ,REASON,START_DATE,END_DATE,TO_DEPT_ID,leave_type)
VALUES(202511150119,'개발부 박경찬7 문서제목 테스트','2001752',sysdate,'1차대기','2001752','',sysdate,'자유양식결재서','테스트용 개발부 박경찬6 입니다.',sysdate,sysdate,'','');


-- 결재권한자
INSERT INTO approver(
            emp_id, -- 결재자 사원 id
            approval_id, -- 결재서류 id
            approval_status, --결재 상태 
            delegate_status, --전결자 상태
            order_approvers, --결재순서
            viewing)  --열람권한
VALUES('2511491',202511150101,1,'본인','1','Y');
INSERT INTO approver(emp_id, approval_id, approval_status, delegate_status, order_approvers, viewing) 
VALUES('2511733',202511150101,0,'전결','2','');
INSERT INTO approver(emp_id, approval_id, approval_status, delegate_status, order_approvers, viewing) 
VALUES('2407628',202511150101,0,'대결','3','');
INSERT INTO approver(emp_id, approval_id, approval_status, delegate_status, order_approvers, viewing) 
VALUES('2401300',202511150101,0,'선결','','');
INSERT INTO approver(emp_id, approval_id, approval_status, delegate_status, order_approvers, viewing) 
VALUES('2110664',202511150101,0,'','','');
INSERT INTO approver(emp_id, approval_id, approval_status, delegate_status, order_approvers, viewing) 
VALUES('0009236',202511150102,0,'','3','');
INSERT INTO approver(emp_id, approval_id, approval_status, delegate_status, order_approvers, viewing) 
VALUES('1707705',202511150102,0,'','2','');
INSERT INTO approver(emp_id, approval_id, approval_status, delegate_status, order_approvers, viewing) 
VALUES('1301823',202511150102,0,'','1','');
INSERT INTO approver(emp_id, approval_id, approval_status, delegate_status, order_approvers, viewing) 
VALUES('2511793',202511150107,0,'','3','');
INSERT INTO approver(emp_id, approval_id, approval_status, delegate_status, order_approvers, viewing) 
VALUES('2401300',202511150107,0,'','2','y');
INSERT INTO approver(emp_id, approval_id, approval_status, delegate_status, order_approvers, viewing) 
VALUES('2104502',202511150107,0,'','1','');
INSERT INTO approver(emp_id, approval_id, approval_status, delegate_status, order_approvers, viewing) 
VALUES('2012978',202511150110,0,'','3','');
INSERT INTO approver(emp_id, approval_id, approval_status, delegate_status, order_approvers, viewing) 
VALUES('2410807',202511150110,0,'','2','');
INSERT INTO approver(emp_id, approval_id, approval_status, delegate_status, order_approvers, viewing) 
VALUES('1306178',202511150110,0,'','1','y');
INSERT INTO approver(emp_id, approval_id, approval_status, delegate_status, order_approvers, viewing) 
VALUES('2012978',202511150111,0,'','3','y');
INSERT INTO approver(emp_id, approval_id, approval_status, delegate_status, order_approvers, viewing) 
VALUES('2410807',202511150111,0,'','2','y');
INSERT INTO approver(emp_id, approval_id, approval_status, delegate_status, order_approvers, viewing) 
VALUES('1306178',202511150111,0,'','1','y');
INSERT INTO approver(emp_id, approval_id, approval_status, delegate_status, order_approvers, viewing) 
VALUES('2506589',202511150113,0,'','1','y');
INSERT INTO approver(emp_id, approval_id, approval_status, delegate_status, order_approvers, viewing) 
VALUES('2506589',202511150114,0,'','1','y');
INSERT INTO approver(emp_id, approval_id, approval_status, delegate_status, order_approvers, viewing) 
VALUES('2506589',202511150115,0,'','1','y');
INSERT INTO approver(emp_id, approval_id, approval_status, delegate_status, order_approvers, viewing) 
VALUES('2506589',202511150116,0,'','1','y');
INSERT INTO approver(emp_id, approval_id, approval_status, delegate_status, order_approvers, viewing) 
VALUES('2511793',202511150117,0,'','3','y');
INSERT INTO approver(emp_id, approval_id, approval_status, delegate_status, order_approvers, viewing) 
VALUES('1904184',202511150117,0,'','2','y');
INSERT INTO approver(emp_id, approval_id, approval_status, delegate_status, order_approvers, viewing) 
VALUES('2506589',202511150117,0,'','1','y');
INSERT INTO approver(emp_id, approval_id, approval_status, delegate_status, order_approvers, viewing) 
VALUES('1904184',202511150118,0,'','1','y');


-- 결재양식 - 결재권한자 디폴트값 지정

-- ERP 본부(DEP000)
-- 연차신청서 = 결재권한자 1 :이지현(이사)
-- 반차신청서 = 결재권한자 1: 이지현(이사)
-- 지출결의서 = 결재권한자 1: 이지현(이사)
-- 인사발령신청서 = 결재권한자3: 이지현(이사) -> 강호동(인사부 부장)->최고관리자(인사부 사장)
-- 자유양식결재서 = 결재권한자 0

INSERT INTO approval_form(
                FORM_CODE -- 양식코드
                ,FORM_NAME --양식이름
                ,DEPT_ID --부서id
                ,APPROVER_1 --결재권한자_1
                --APPROVER_2 -- 결재권한자_2
                --APPROVER_3 -- 결재권한자_3
)
VALUES('FROM1000','연차신청서','DEP000','2506589');                  -- 결재권한자 1 :이지현(이사)
INSERT INTO approval_form(FORM_CODE,FORM_NAME,DEPT_ID,APPROVER_1)
VALUES('FROM2000','반차신청서','DEP000','2506589');                  -- 결재권한자 1: 이지현(이사)
INSERT INTO approval_form(FORM_CODE,FORM_NAME,DEPT_ID,APPROVER_1)
VALUES('FROM3000','지출결의서','DEP000','2506589');                  -- 결재권한자 1: 이지현(이사)
INSERT INTO approval_form(FORM_CODE,FORM_NAME,DEPT_ID,APPROVER_1,APPROVER_2,APPROVER_3)
VALUES('FROM4000','인사발령신청서','DEP000','2506589','1904184','2511793'); --결재권한자3: 이지현(이사) -> 강호동(인사부 부장)->최고관리자(인사부 사장)
INSERT INTO approval_form(FORM_CODE,FORM_NAME,DEPT_ID)
VALUES('FROM5000','자유양식결재서','DEP000');                        -- 결재권한자 0

-- MES 본부(DEP100)
-- 연차신청서 = 결재권한자 1 :안중근(이사)
-- 반차신청서 = 결재권한자 1 :안중근(이사)
-- 지출결의서 = 결재권한자 1 :안중근(이사)
-- 인사발령신청서 = 결재권한자 3:안중근(이사) ->강호동(인사부 부장)->최고관리자(인사부 사장)
-- 자유양식결재서 = 결재권한자 0

INSERT INTO approval_form(FORM_CODE,FORM_NAME,DEPT_ID,APPROVER_1)
VALUES('FROM1100','연차신청서','DEP100','2412911');
INSERT INTO approval_form(FORM_CODE,FORM_NAME,DEPT_ID,APPROVER_1)
VALUES('FROM2100','반차신청서','DEP100','2412911');
INSERT INTO approval_form(FORM_CODE,FORM_NAME,DEPT_ID,APPROVER_1)
VALUES('FROM3100','지출결의서','DEP100','2412911');
INSERT INTO approval_form(FORM_CODE,FORM_NAME,DEPT_ID,APPROVER_1,APPROVER_2,APPROVER_3)
VALUES('FROM4400','인사발령신청서','DEP100','2412911','1904184','2511793');
INSERT INTO approval_form(FORM_CODE,FORM_NAME,DEPT_ID)
VALUES('FROM5500','자유양식결재서','DEP100');

-- 개발부 (DEP001)
-- 연차신청서 =  박경찬(과장)->세종대왕(차장)
-- 반차신청서 = 결재권한자 1: 전지현(과장)
-- 지출결의서 = 결재권한자 1: 이병헌(부장)
-- 인사발령신청서 = 결재권한자 3:이병헌(부장)->강호동(인사부 부장)->최고관리자(인사부 사장)
-- 자유양식결재서 = 결재권한자 0

INSERT INTO approval_form(FORM_CODE,FORM_NAME,DEPT_ID,APPROVER_1,APPROVER_2)
VALUES('FROM1001','연차신청서','DEP001','2001752','0009236');
INSERT INTO approval_form(FORM_CODE,FORM_NAME,DEPT_ID,APPROVER_1)
VALUES('FROM2001','반차신청서','DEP001','1706721');
INSERT INTO approval_form(FORM_CODE,FORM_NAME,DEPT_ID,APPROVER_1)
VALUES('FROM3001','지출결의서','DEP001','2109967');
INSERT INTO approval_form(FORM_CODE,FORM_NAME,DEPT_ID,APPROVER_1,APPROVER_2,APPROVER_3)
VALUES('FROM4001','인사발령신청서','DEP001','2109967','1904184','2511793'); 
INSERT INTO approval_form(FORM_CODE,FORM_NAME,DEPT_ID)
VALUES('FROM5001','자유양식결재서','DEP001');

-- 마케팅부 (DEP002)
-- 연차신청서 = 결재권한자 2: 박명수(과장)->최민식(차장)
-- 반차신청서 = 결재권한자 1: 박명수(과장)
-- 지출결의서 = 결재권한자 1: 이순신(부장)
-- 인사발령신청서 = 결재권한자 3:이순신(부장)->강호동(인사부 부장)->최고관리자(인사부 사장)
-- 자유양식결재서 = 결재권한자 0

INSERT INTO approval_form(FORM_CODE,FORM_NAME,DEPT_ID,APPROVER_1,APPROVER_2)
VALUES('FROM1002','연차신청서','DEP002','1807375','2011710');
INSERT INTO approval_form(FORM_CODE,FORM_NAME,DEPT_ID,APPROVER_1)
VALUES('FROM2002','반차신청서','DEP002','1807375');
INSERT INTO approval_form(FORM_CODE,FORM_NAME,DEPT_ID,APPROVER_1)
VALUES('FROM3002','지출결의서','DEP002','2506864');
INSERT INTO approval_form(FORM_CODE,FORM_NAME,DEPT_ID,APPROVER_1,APPROVER_2,APPROVER_3)
VALUES('FROM4002','인사발령신청서','DEP002','2506864','1904184','2511793'); 
INSERT INTO approval_form(FORM_CODE,FORM_NAME,DEPT_ID)
VALUES('FROM5002','자유양식결재서','DEP002');

-- 생산부 (DEP003)
-- 연차신청서 = 결재권한자 2 : 한수지(과장)->김연아(차장)
-- 반차신청서 = 결재권한자 1: 한수지(과장)
-- 지출결의서 = 결재권한자 1: 강감찬(부장)
-- 인사발령신청서 = 결재권한자 3:강감찬(부장)->강호동(인사부 부장)->최고관리자(인사부 사장)
-- 자유양식결재서 = 결재권한자 0

INSERT INTO approval_form(FORM_CODE,FORM_NAME,DEPT_ID,APPROVER_1,APPROVER_2)
VALUES('FROM1003','연차신청서','DEP003','1908631','1301823');
 INSERT INTO approval_form(FORM_CODE,FORM_NAME,DEPT_ID,APPROVER_1)
VALUES('FROM2003','반차신청서','DEP003','1908631');
INSERT INTO approval_form(FORM_CODE,FORM_NAME,DEPT_ID,APPROVER_1)
VALUES('FROM3003','지출결의서','DEP003','2303363');
INSERT INTO approval_form(FORM_CODE,FORM_NAME,DEPT_ID,APPROVER_1,APPROVER_2,APPROVER_3)
VALUES('FROM4003','인사발령신청서','DEP003','2303363','1904184','2511793'); 
INSERT INTO approval_form(FORM_CODE,FORM_NAME,DEPT_ID)
VALUES('FROM5003','자유양식결재서','DEP003');

-- 영업부 (DEP004)
-- 연차신청서 = 결재권한자 3 : 김아름(과장)->한석규(차장)-> 한효주(부장)
-- 반차신청서 = 결재권한자 1: 김아름(과장)
-- 지출결의서 = 결재권한자 1: 한효주(부장)
-- 인사발령신청서 = 결재권한자 3:한효주(부장)->강호동(인사부 부장)->최고관리자(인사부 사장)
-- 자유양식결재서 = 결재권한자 0

INSERT INTO approval_form(FORM_CODE,FORM_NAME,DEPT_ID,APPROVER_1,APPROVER_2,APPROVER_3)
VALUES('FROM1004','연차신청서','DEP004','1412699','2012978','1707705');
 INSERT INTO approval_form(FORM_CODE,FORM_NAME,DEPT_ID,APPROVER_1)
VALUES('FROM2004','반차신청서','DEP004','1412699');
INSERT INTO approval_form(FORM_CODE,FORM_NAME,DEPT_ID,APPROVER_1)
VALUES('FROM3004','지출결의서','DEP004','1707705');
INSERT INTO approval_form(FORM_CODE,FORM_NAME,DEPT_ID,APPROVER_1,APPROVER_2,APPROVER_3)
VALUES('FROM4004','인사발령신청서','DEP004','1707705','1904184','2511793');
INSERT INTO approval_form(FORM_CODE,FORM_NAME,DEPT_ID)
VALUES('FROM5004','자유양식결재서','DEP004');

-- 인사부(DEP005)
-- 연차신청서 = 결재권한자 3 :전도연(대리)->김영국(과장)->최고관리자(사장)
-- 반차신청서 = 결재권한자 1: 전도연(대리)
-- 지출결의서 = 결재권한자 1: 강호동(부장)
-- 인사발령신청서 = 결재권한자 3: 전도연(대리)->강호동(부장)->최고관리자(사장)
-- 자유양식결재서 = 결재권한자 0

INSERT INTO approval_form(FORM_CODE,FORM_NAME,DEPT_ID,APPROVER_1,APPROVER_2,APPROVER_3)
VALUES('FROM1005','연차신청서','DEP005','2104502','2401300','2511793');
 INSERT INTO approval_form(FORM_CODE,FORM_NAME,DEPT_ID,APPROVER_1)
VALUES('FROM2005','반차신청서','DEP005','2104502');
INSERT INTO approval_form(FORM_CODE,FORM_NAME,DEPT_ID,APPROVER_1)
VALUES('FROM3005','지출결의서','DEP005','1904184');
INSERT INTO approval_form(FORM_CODE,FORM_NAME,DEPT_ID,APPROVER_1,APPROVER_2,APPROVER_3)
VALUES('FROM4005','인사발령신청서','DEP005','2104502','1904184','2511793'); 
INSERT INTO approval_form(FORM_CODE,FORM_NAME,DEPT_ID)
VALUES('FROM5005','자유양식결재서','DEP005');
-- 대표(DEP999) - 특별권한


-- EMP
INSERT INTO EMP (EMP_ID, EMP_PWD, EMP_NAME, GENDER, RRN, MOBILE, EMAIL, POST_CODE, ADDRESS1, ADDRESS2, HIRE_DATE, STATUS, PHOTO_FILE_ID, CREATED_DATE, LAST_LOGIN, DEPT_ID, POS_CODE) VALUES ('0009236', '$2a$10$aaWH8JptD7aMu/F9nd0O9etgU2HyywAbdbTt9DEPL80Nphl1ev2AW', '세종대왕', 'M', '800925-5824156', '010-0221-9041', 'sejong@yeoun.com', '36502', '광주광역시 서구 상무중앙로 7 치평동 1201-2', '자이아파트 15층', TO_DATE('2000-09-23', 'YYYY-MM-DD'), 'ACTIVE', NULL, SYSTIMESTAMP, SYSTIMESTAMP, 'DEP001', 'POS004');
INSERT INTO EMP (EMP_ID, EMP_PWD, EMP_NAME, GENDER, RRN, MOBILE, EMAIL, POST_CODE, ADDRESS1, ADDRESS2, HIRE_DATE, STATUS, PHOTO_FILE_ID, CREATED_DATE, LAST_LOGIN, DEPT_ID, POS_CODE) VALUES ('2506864', '$2a$10$aaWH8JptD7aMu/F9nd0O9etgU2HyywAbdbTt9DEPL80Nphl1ev2AW', '이순신', 'M', '870522-6596249', '010-0241-9698', 'leess@yeoun.com', '33056', '강원특별자치도 춘천시 중앙로 30 석사동 30-1', '2층', TO_DATE('2025-06-23', 'YYYY-MM-DD'), 'ACTIVE', NULL, SYSTIMESTAMP, SYSTIMESTAMP, 'DEP002', 'POS005');
INSERT INTO EMP (EMP_ID, EMP_PWD, EMP_NAME, GENDER, RRN, MOBILE, EMAIL, POST_CODE, ADDRESS1, ADDRESS2, HIRE_DATE, STATUS, PHOTO_FILE_ID, CREATED_DATE, LAST_LOGIN, DEPT_ID, POS_CODE) VALUES ('2506589', '$2a$10$aaWH8JptD7aMu/F9nd0O9etgU2HyywAbdbTt9DEPL80Nphl1ev2AW', '이지현', 'F', '940510-6341736', '010-0130-4155', 'honey@yeoun.com', '22552', '강원특별자치도 춘천시 중앙로 30 석사동 30-1', '한빛아파트 13층', TO_DATE('2025-06-07', 'YYYY-MM-DD'), 'ACTIVE', NULL, SYSTIMESTAMP, SYSTIMESTAMP, 'DEP000', 'POS006');
INSERT INTO EMP (EMP_ID, EMP_PWD, EMP_NAME, GENDER, RRN, MOBILE, EMAIL, POST_CODE, ADDRESS1, ADDRESS2, HIRE_DATE, STATUS, PHOTO_FILE_ID, CREATED_DATE, LAST_LOGIN, DEPT_ID, POS_CODE) VALUES ('2505823', '$2a$10$aaWH8JptD7aMu/F9nd0O9etgU2HyywAbdbTt9DEPL80Nphl1ev2AW', '김구', 'M', '030809-6205409', '010-0149-5853', 'kimkoo@yeoun.com', '56400', '광주광역시 서구 상무중앙로 7 치평동 1201-2', '101동 1101호', TO_DATE('2025-05-18', 'YYYY-MM-DD'), 'ACTIVE', NULL, SYSTIMESTAMP, SYSTIMESTAMP, 'DEP004', 'POS001');
INSERT INTO EMP (EMP_ID, EMP_PWD, EMP_NAME, GENDER, RRN, MOBILE, EMAIL, POST_CODE, ADDRESS1, ADDRESS2, HIRE_DATE, STATUS, PHOTO_FILE_ID, CREATED_DATE, LAST_LOGIN, DEPT_ID, POS_CODE) VALUES ('2502310', '$2a$10$aaWH8JptD7aMu/F9nd0O9etgU2HyywAbdbTt9DEPL80Nphl1ev2AW', '윤봉길', 'M', '840502-5680238', '010-0174-3068', 'yoonbong@yeoun.com', '40762', '서울특별시 강남구 테헤란로 231 삼성동 100-1', '꿈에그린 2층', TO_DATE('2025-02-16', 'YYYY-MM-DD'), 'ACTIVE', NULL, SYSTIMESTAMP, SYSTIMESTAMP, 'DEP004', 'POS001');
INSERT INTO EMP (EMP_ID, EMP_PWD, EMP_NAME, GENDER, RRN, MOBILE, EMAIL, POST_CODE, ADDRESS1, ADDRESS2, HIRE_DATE, STATUS, PHOTO_FILE_ID, CREATED_DATE, LAST_LOGIN, DEPT_ID, POS_CODE) VALUES ('2412911', '$2a$10$aaWH8JptD7aMu/F9nd0O9etgU2HyywAbdbTt9DEPL80Nphl1ev2AW', '안중근', 'M', '940606-5364742', '010-0222-2869', 'ahnjung9@yeoun.com', '19943', '부산광역시 해운대구 센텀중앙로 55 우동 123-4', '102동 1202호', TO_DATE('2024-12-05', 'YYYY-MM-DD'), 'ACTIVE', NULL, SYSTIMESTAMP, SYSTIMESTAMP, 'DEP100', 'POS006');
INSERT INTO EMP (EMP_ID, EMP_PWD, EMP_NAME, GENDER, RRN, MOBILE, EMAIL, POST_CODE, ADDRESS1, ADDRESS2, HIRE_DATE, STATUS, PHOTO_FILE_ID, CREATED_DATE, LAST_LOGIN, DEPT_ID, POS_CODE) VALUES ('2410807', '$2a$10$aaWH8JptD7aMu/F9nd0O9etgU2HyywAbdbTt9DEPL80Nphl1ev2AW', '유관순', 'F', '980503-5224205', '010-0242-7818', 'wind@yeoun.com', '39524', '인천광역시 연수구 송도과학로 32 송도동 더샵 101동 803호', '4층', TO_DATE('2024-10-15', 'YYYY-MM-DD'), 'ACTIVE', NULL, SYSTIMESTAMP, SYSTIMESTAMP, 'DEP005', 'POS004');
INSERT INTO EMP (EMP_ID, EMP_PWD, EMP_NAME, GENDER, RRN, MOBILE, EMAIL, POST_CODE, ADDRESS1, ADDRESS2, HIRE_DATE, STATUS, PHOTO_FILE_ID, CREATED_DATE, LAST_LOGIN, DEPT_ID, POS_CODE) VALUES ('2407787', '$2a$10$aaWH8JptD7aMu/F9nd0O9etgU2HyywAbdbTt9DEPL80Nphl1ev2AW', '정약용', 'M', '891014-6696251', '010-0258-1986', 'jeongyy@yeoun.com', '53281', '인천광역시 연수구 송도과학로 32 송도동 더샵 101동 803호', '서해그랑블 902호', TO_DATE('2024-07-03', 'YYYY-MM-DD'), 'ACTIVE', NULL, SYSTIMESTAMP, SYSTIMESTAMP, 'DEP004', 'POS001');
INSERT INTO EMP (EMP_ID, EMP_PWD, EMP_NAME, GENDER, RRN, MOBILE, EMAIL, POST_CODE, ADDRESS1, ADDRESS2, HIRE_DATE, STATUS, PHOTO_FILE_ID, CREATED_DATE, LAST_LOGIN, DEPT_ID, POS_CODE) VALUES ('2407628', '$2a$10$aaWH8JptD7aMu/F9nd0O9etgU2HyywAbdbTt9DEPL80Nphl1ev2AW', '허준', 'M', '850406-5264136', '010-0100-7693', 'heo58@yeoun.com', '25170', '광주광역시 서구 상무중앙로 7 치평동 1201-2', '102동 1202호', TO_DATE('2024-07-10', 'YYYY-MM-DD'), 'ACTIVE', NULL, SYSTIMESTAMP, SYSTIMESTAMP, 'DEP005', 'POS002');
INSERT INTO EMP (EMP_ID, EMP_PWD, EMP_NAME, GENDER, RRN, MOBILE, EMAIL, POST_CODE, ADDRESS1, ADDRESS2, HIRE_DATE, STATUS, PHOTO_FILE_ID, CREATED_DATE, LAST_LOGIN, DEPT_ID, POS_CODE) VALUES ('2402879', '$2a$10$aaWH8JptD7aMu/F9nd0O9etgU2HyywAbdbTt9DEPL80Nphl1ev2AW', '이지환', 'M', '020523-6174637', '010-0275-4824', 'wind@yeoun.com', '17521', '인천광역시 연수구 송도과학로 32 송도동 더샵 101동 803호', '501호', TO_DATE('2024-02-18', 'YYYY-MM-DD'), 'ACTIVE', NULL, SYSTIMESTAMP, SYSTIMESTAMP, 'DEP001', 'POS001');
INSERT INTO EMP (EMP_ID, EMP_PWD, EMP_NAME, GENDER, RRN, MOBILE, EMAIL, POST_CODE, ADDRESS1, ADDRESS2, HIRE_DATE, STATUS, PHOTO_FILE_ID, CREATED_DATE, LAST_LOGIN, DEPT_ID, POS_CODE) VALUES ('2401300', '$2a$10$aaWH8JptD7aMu/F9nd0O9etgU2HyywAbdbTt9DEPL80Nphl1ev2AW', '손현준', 'M', '871105-6966785', '010-0136-2169', 'yi8@yeoun.com', '38780', '제주특별자치도 제주시 연삼로 120 연동 1200-2', '꿈에그린 2층', TO_DATE('2024-01-04', 'YYYY-MM-DD'), 'ACTIVE', NULL, SYSTIMESTAMP, SYSTIMESTAMP, 'DEP005', 'POS003');
INSERT INTO EMP (EMP_ID, EMP_PWD, EMP_NAME, GENDER, RRN, MOBILE, EMAIL, POST_CODE, ADDRESS1, ADDRESS2, HIRE_DATE, STATUS, PHOTO_FILE_ID, CREATED_DATE, LAST_LOGIN, DEPT_ID, POS_CODE) VALUES ('2308263', '$2a$10$aaWH8JptD7aMu/F9nd0O9etgU2HyywAbdbTt9DEPL80Nphl1ev2AW', '김유신', 'M', '941210-6385470', '010-0228-9847', 'kimys@yeoun.com', '38313', '제주특별자치도 제주시 연삼로 120 연동 1200-2', '102동 1202호', TO_DATE('2023-08-24', 'YYYY-MM-DD'), 'ACTIVE', NULL, SYSTIMESTAMP, SYSTIMESTAMP, 'DEP001', 'POS002');
INSERT INTO EMP (EMP_ID, EMP_PWD, EMP_NAME, GENDER, RRN, MOBILE, EMAIL, POST_CODE, ADDRESS1, ADDRESS2, HIRE_DATE, STATUS, PHOTO_FILE_ID, CREATED_DATE, LAST_LOGIN, DEPT_ID, POS_CODE) VALUES ('2303363', '$2a$10$aaWH8JptD7aMu/F9nd0O9etgU2HyywAbdbTt9DEPL80Nphl1ev2AW', '강감찬', 'M', '901009-5195763', '010-0158-1339', 'star@yeoun.com', '40834', '서울특별시 강남구 테헤란로 231 삼성동 100-1', '한빛아파트 13층', TO_DATE('2023-03-17', 'YYYY-MM-DD'), 'ACTIVE', NULL, SYSTIMESTAMP, SYSTIMESTAMP, 'DEP003', 'POS005');
INSERT INTO EMP (EMP_ID, EMP_PWD, EMP_NAME, GENDER, RRN, MOBILE, EMAIL, POST_CODE, ADDRESS1, ADDRESS2, HIRE_DATE, STATUS, PHOTO_FILE_ID, CREATED_DATE, LAST_LOGIN, DEPT_ID, POS_CODE) VALUES ('2303184', '$2a$10$aaWH8JptD7aMu/F9nd0O9etgU2HyywAbdbTt9DEPL80Nphl1ev2AW', '이유정', 'F', '000809-5713762', '010-0211-9056', 'ulji12@yeoun.com', '31040', '울산광역시 남구 삼산중로 100 삼산동 502-1', '2층', TO_DATE('2023-03-22', 'YYYY-MM-DD'), 'ACTIVE', NULL, SYSTIMESTAMP, SYSTIMESTAMP, 'DEP002', 'POS002');
INSERT INTO EMP (EMP_ID, EMP_PWD, EMP_NAME, GENDER, RRN, MOBILE, EMAIL, POST_CODE, ADDRESS1, ADDRESS2, HIRE_DATE, STATUS, PHOTO_FILE_ID, CREATED_DATE, LAST_LOGIN, DEPT_ID, POS_CODE) VALUES ('2110664', '$2a$10$aaWH8JptD7aMu/F9nd0O9etgU2HyywAbdbTt9DEPL80Nphl1ev2AW', '정보라', 'F', '830311-6827369', '010-0226-5722', 'sunny@yeoun.com', '15771', '서울특별시 강남구 테헤란로 231 삼성동 100-1', '803호', TO_DATE('2021-10-11', 'YYYY-MM-DD'), 'ACTIVE', NULL, SYSTIMESTAMP, SYSTIMESTAMP, 'DEP005', 'POS001');
INSERT INTO EMP (EMP_ID, EMP_PWD, EMP_NAME, GENDER, RRN, MOBILE, EMAIL, POST_CODE, ADDRESS1, ADDRESS2, HIRE_DATE, STATUS, PHOTO_FILE_ID, CREATED_DATE, LAST_LOGIN, DEPT_ID, POS_CODE) VALUES ('2109967', '$2a$10$aaWH8JptD7aMu/F9nd0O9etgU2HyywAbdbTt9DEPL80Nphl1ev2AW', '이병헌', 'M', '880604-6639593', '010-0100-9889', 'leebh@yeoun.com', '50804', '인천광역시 연수구 송도과학로 32 송도동 더샵 101동 803호', '3층', TO_DATE('2021-09-25', 'YYYY-MM-DD'), 'ACTIVE', NULL, SYSTIMESTAMP, SYSTIMESTAMP, 'DEP001', 'POS005');
INSERT INTO EMP (EMP_ID, EMP_PWD, EMP_NAME, GENDER, RRN, MOBILE, EMAIL, POST_CODE, ADDRESS1, ADDRESS2, HIRE_DATE, STATUS, PHOTO_FILE_ID, CREATED_DATE, LAST_LOGIN, DEPT_ID, POS_CODE) VALUES ('2109869', '$2a$10$aaWH8JptD7aMu/F9nd0O9etgU2HyywAbdbTt9DEPL80Nphl1ev2AW', '손예진', 'F', '951115-5313446', '010-0168-9998', 'sonyj17@yeoun.com', '11891', '경기도 성남시 분당구 정자일로 95 정자동 느티마을 3단지 1203호', 'B동 404호', TO_DATE('2021-09-21', 'YYYY-MM-DD'), 'ACTIVE', NULL, SYSTIMESTAMP, SYSTIMESTAMP, 'DEP003', 'POS001');
INSERT INTO EMP (EMP_ID, EMP_PWD, EMP_NAME, GENDER, RRN, MOBILE, EMAIL, POST_CODE, ADDRESS1, ADDRESS2, HIRE_DATE, STATUS, PHOTO_FILE_ID, CREATED_DATE, LAST_LOGIN, DEPT_ID, POS_CODE) VALUES ('2107996', '$2a$10$aaWH8JptD7aMu/F9nd0O9etgU2HyywAbdbTt9DEPL80Nphl1ev2AW', '송강호', 'M', '990423-5425845', '010-0241-1224', 'songgh@yeoun.com', '40241', '인천광역시 연수구 송도과학로 32 송도동 더샵 101동 803호', 'B동 404호', TO_DATE('2021-07-04', 'YYYY-MM-DD'), 'ACTIVE', NULL, SYSTIMESTAMP, SYSTIMESTAMP, 'DEP003', 'POS001');
INSERT INTO EMP (EMP_ID, EMP_PWD, EMP_NAME, GENDER, RRN, MOBILE, EMAIL, POST_CODE, ADDRESS1, ADDRESS2, HIRE_DATE, STATUS, PHOTO_FILE_ID, CREATED_DATE, LAST_LOGIN, DEPT_ID, POS_CODE) VALUES ('2104502', '$2a$10$aaWH8JptD7aMu/F9nd0O9etgU2HyywAbdbTt9DEPL80Nphl1ev2AW', '전도연', 'F', '000316-6633590', '010-0280-5479', 'jeondy54@yeoun.com', '46127', '인천광역시 연수구 송도과학로 32 송도동 더샵 101동 803호', '803호', TO_DATE('2021-04-05', 'YYYY-MM-DD'), 'ACTIVE', NULL, SYSTIMESTAMP, SYSTIMESTAMP, 'DEP005', 'POS002');
INSERT INTO EMP (EMP_ID, EMP_PWD, EMP_NAME, GENDER, RRN, MOBILE, EMAIL, POST_CODE, ADDRESS1, ADDRESS2, HIRE_DATE, STATUS, PHOTO_FILE_ID, CREATED_DATE, LAST_LOGIN, DEPT_ID, POS_CODE) VALUES ('2103347', '$2a$10$aaWH8JptD7aMu/F9nd0O9etgU2HyywAbdbTt9DEPL80Nphl1ev2AW', '김혜수', 'F', '920420-5173201', '010-0170-7798', 'kimhs44@yeoun.com', '57582', '서울특별시 강남구 테헤란로 231 삼성동 100-1', '꿈에그린 2층', TO_DATE('2021-03-10', 'YYYY-MM-DD'), 'ACTIVE', NULL, SYSTIMESTAMP, SYSTIMESTAMP, 'DEP001', 'POS001');
INSERT INTO EMP (EMP_ID, EMP_PWD, EMP_NAME, GENDER, RRN, MOBILE, EMAIL, POST_CODE, ADDRESS1, ADDRESS2, HIRE_DATE, STATUS, PHOTO_FILE_ID, CREATED_DATE, LAST_LOGIN, DEPT_ID, POS_CODE) VALUES ('2012978', '$2a$10$aaWH8JptD7aMu/F9nd0O9etgU2HyywAbdbTt9DEPL80Nphl1ev2AW', '한석규', 'M', '981022-6255813', '010-0214-9824', 'hanseok62@yeoun.com', '39841', '강원특별자치도 춘천시 중앙로 30 석사동 30-1', '4층', TO_DATE('2020-12-11', 'YYYY-MM-DD'), 'ACTIVE', NULL, SYSTIMESTAMP, SYSTIMESTAMP, 'DEP004', 'POS004');
INSERT INTO EMP (EMP_ID, EMP_PWD, EMP_NAME, GENDER, RRN, MOBILE, EMAIL, POST_CODE, ADDRESS1, ADDRESS2, HIRE_DATE, STATUS, PHOTO_FILE_ID, CREATED_DATE, LAST_LOGIN, DEPT_ID, POS_CODE) VALUES ('2011710', '$2a$10$aaWH8JptD7aMu/F9nd0O9etgU2HyywAbdbTt9DEPL80Nphl1ev2AW', '최민식', 'M', '861208-6344907', '010-0298-7730', 'minsik@yeoun.com', '35302', '경기도 성남시 분당구 정자일로 95 정자동 느티마을 3단지 1203호', '4층', TO_DATE('2020-11-22', 'YYYY-MM-DD'), 'ACTIVE', NULL, SYSTIMESTAMP, SYSTIMESTAMP, 'DEP002', 'POS004');
INSERT INTO EMP (EMP_ID, EMP_PWD, EMP_NAME, GENDER, RRN, MOBILE, EMAIL, POST_CODE, ADDRESS1, ADDRESS2, HIRE_DATE, STATUS, PHOTO_FILE_ID, CREATED_DATE, LAST_LOGIN, DEPT_ID, POS_CODE) VALUES ('2004459', '$2a$10$aaWH8JptD7aMu/F9nd0O9etgU2HyywAbdbTt9DEPL80Nphl1ev2AW', '정수빈', 'M', '840728-5178463', '010-0220-5342', 'subin@yeoun.com', '31532', '울산광역시 남구 삼산중로 100 삼산동 502-1', '301동 602호', TO_DATE('2020-04-28', 'YYYY-MM-DD'), 'ACTIVE', NULL, SYSTIMESTAMP, SYSTIMESTAMP, 'DEP004', 'POS002');
INSERT INTO EMP (EMP_ID, EMP_PWD, EMP_NAME, GENDER, RRN, MOBILE, EMAIL, POST_CODE, ADDRESS1, ADDRESS2, HIRE_DATE, STATUS, PHOTO_FILE_ID, CREATED_DATE, LAST_LOGIN, DEPT_ID, POS_CODE) VALUES ('2001752', '$2a$10$aaWH8JptD7aMu/F9nd0O9etgU2HyywAbdbTt9DEPL80Nphl1ev2AW', '박경찬', 'M', '010913-6757246', '010-0283-8994', 'chan@yeoun.com', '51363', '부산광역시 해운대구 센텀중앙로 55 우동 123-4', '자이아파트 15층', TO_DATE('2020-01-22', 'YYYY-MM-DD'), 'ACTIVE', NULL, SYSTIMESTAMP, SYSTIMESTAMP, 'DEP001', 'POS003');
INSERT INTO EMP (EMP_ID, EMP_PWD, EMP_NAME, GENDER, RRN, MOBILE, EMAIL, POST_CODE, ADDRESS1, ADDRESS2, HIRE_DATE, STATUS, PHOTO_FILE_ID, CREATED_DATE, LAST_LOGIN, DEPT_ID, POS_CODE) VALUES ('1908631', '$2a$10$aaWH8JptD7aMu/F9nd0O9etgU2HyywAbdbTt9DEPL80Nphl1ev2AW', '한수지', 'F', '890424-5555052', '010-0125-2646', 'dream@yeoun.com', '13014', '광주광역시 서구 상무중앙로 7 치평동 1201-2', '101동 1101호', TO_DATE('2019-08-11', 'YYYY-MM-DD'), 'ACTIVE', NULL, SYSTIMESTAMP, SYSTIMESTAMP, 'DEP003', 'POS003');
INSERT INTO EMP (EMP_ID, EMP_PWD, EMP_NAME, GENDER, RRN, MOBILE, EMAIL, POST_CODE, ADDRESS1, ADDRESS2, HIRE_DATE, STATUS, PHOTO_FILE_ID, CREATED_DATE, LAST_LOGIN, DEPT_ID, POS_CODE) VALUES ('1907475', '$2a$10$aaWH8JptD7aMu/F9nd0O9etgU2HyywAbdbTt9DEPL80Nphl1ev2AW', '이지은', 'F', '920512-6551607', '010-0137-5000', 'leeje@yeoun.com', '21473', '대구광역시 수성구 달구벌대로 2485 범어동 22-3', '한빛아파트 13층', TO_DATE('2019-07-03', 'YYYY-MM-DD'), 'ACTIVE', NULL, SYSTIMESTAMP, SYSTIMESTAMP, 'DEP002', 'POS001');
INSERT INTO EMP (EMP_ID, EMP_PWD, EMP_NAME, GENDER, RRN, MOBILE, EMAIL, POST_CODE, ADDRESS1, ADDRESS2, HIRE_DATE, STATUS, PHOTO_FILE_ID, CREATED_DATE, LAST_LOGIN, DEPT_ID, POS_CODE) VALUES ('1906734', '$2a$10$aaWH8JptD7aMu/F9nd0O9etgU2HyywAbdbTt9DEPL80Nphl1ev2AW', '유재석', 'M', '990720-5621841', '010-0249-3344', 'youjs@yeoun.com', '26733', '광주광역시 서구 상무중앙로 7 치평동 1201-2', '803호', TO_DATE('2019-06-22', 'YYYY-MM-DD'), 'ACTIVE', NULL, SYSTIMESTAMP, SYSTIMESTAMP, 'DEP003', 'POS002');
INSERT INTO EMP (EMP_ID, EMP_PWD, EMP_NAME, GENDER, RRN, MOBILE, EMAIL, POST_CODE, ADDRESS1, ADDRESS2, HIRE_DATE, STATUS, PHOTO_FILE_ID, CREATED_DATE, LAST_LOGIN, DEPT_ID, POS_CODE) VALUES ('1904184', '$2a$10$aaWH8JptD7aMu/F9nd0O9etgU2HyywAbdbTt9DEPL80Nphl1ev2AW', '강호동', 'M', '800810-5177449', '010-0213-6661', 'hodong@yeoun.com', '39939', '울산광역시 남구 삼산중로 100 삼산동 502-1', '서해그랑블 902호', TO_DATE('2019-04-28', 'YYYY-MM-DD'), 'ACTIVE', NULL, SYSTIMESTAMP, SYSTIMESTAMP, 'DEP005', 'POS005');
INSERT INTO EMP (EMP_ID, EMP_PWD, EMP_NAME, GENDER, RRN, MOBILE, EMAIL, POST_CODE, ADDRESS1, ADDRESS2, HIRE_DATE, STATUS, PHOTO_FILE_ID, CREATED_DATE, LAST_LOGIN, DEPT_ID, POS_CODE) VALUES ('1807375', '$2a$10$aaWH8JptD7aMu/F9nd0O9etgU2HyywAbdbTt9DEPL80Nphl1ev2AW', '박명수', 'M', '890413-6211834', '010-0160-7248', 'halmyung@yeoun.com', '11437', '광주광역시 서구 상무중앙로 7 치평동 1201-2', '꿈에그린 2층', TO_DATE('2018-07-27', 'YYYY-MM-DD'), 'ACTIVE', NULL, SYSTIMESTAMP, SYSTIMESTAMP, 'DEP002', 'POS003');
INSERT INTO EMP (EMP_ID, EMP_PWD, EMP_NAME, GENDER, RRN, MOBILE, EMAIL, POST_CODE, ADDRESS1, ADDRESS2, HIRE_DATE, STATUS, PHOTO_FILE_ID, CREATED_DATE, LAST_LOGIN, DEPT_ID, POS_CODE) VALUES ('1804830', '$2a$10$aaWH8JptD7aMu/F9nd0O9etgU2HyywAbdbTt9DEPL80Nphl1ev2AW', '정유정', 'F', '010709-5693419', '010-0275-1803', 'jungws78@yeoun.com', '24352', '인천광역시 연수구 송도과학로 32 송도동 더샵 101동 803호', '3층', TO_DATE('2018-04-21', 'YYYY-MM-DD'), 'ACTIVE', NULL, SYSTIMESTAMP, SYSTIMESTAMP, 'DEP002', 'POS002');
INSERT INTO EMP (EMP_ID, EMP_PWD, EMP_NAME, GENDER, RRN, MOBILE, EMAIL, POST_CODE, ADDRESS1, ADDRESS2, HIRE_DATE, STATUS, PHOTO_FILE_ID, CREATED_DATE, LAST_LOGIN, DEPT_ID, POS_CODE) VALUES ('1707923', '$2a$10$aaWH8JptD7aMu/F9nd0O9etgU2HyywAbdbTt9DEPL80Nphl1ev2AW', '조인성', 'M', '861009-5758765', '010-0124-1645', 'join@yeoun.com', '57995', '제주특별자치도 제주시 연삼로 120 연동 1200-2', '3층', TO_DATE('2017-07-05', 'YYYY-MM-DD'), 'ACTIVE', NULL, SYSTIMESTAMP, SYSTIMESTAMP, 'DEP003', 'POS001');
INSERT INTO EMP (EMP_ID, EMP_PWD, EMP_NAME, GENDER, RRN, MOBILE, EMAIL, POST_CODE, ADDRESS1, ADDRESS2, HIRE_DATE, STATUS, PHOTO_FILE_ID, CREATED_DATE, LAST_LOGIN, DEPT_ID, POS_CODE) VALUES ('1707705', '$2a$10$aaWH8JptD7aMu/F9nd0O9etgU2HyywAbdbTt9DEPL80Nphl1ev2AW', '한효주', 'F', '820511-6284171', '010-0151-3165', 'hyoju@yeoun.com', '20783', '강원특별자치도 춘천시 중앙로 30 석사동 30-1', '서해그랑블 902호', TO_DATE('2017-07-09', 'YYYY-MM-DD'), 'ACTIVE', NULL, SYSTIMESTAMP, SYSTIMESTAMP, 'DEP004', 'POS005');
INSERT INTO EMP (EMP_ID, EMP_PWD, EMP_NAME, GENDER, RRN, MOBILE, EMAIL, POST_CODE, ADDRESS1, ADDRESS2, HIRE_DATE, STATUS, PHOTO_FILE_ID, CREATED_DATE, LAST_LOGIN, DEPT_ID, POS_CODE) VALUES ('1706721', '$2a$10$aaWH8JptD7aMu/F9nd0O9etgU2HyywAbdbTt9DEPL80Nphl1ev2AW', '전지현', 'F', '950524-6943298', '010-0129-8673', 'jeonjh@yeoun.com', '15918', '울산광역시 남구 삼산중로 100 삼산동 502-1', '3층', TO_DATE('2017-06-26', 'YYYY-MM-DD'), 'ACTIVE', NULL, SYSTIMESTAMP, SYSTIMESTAMP, 'DEP001', 'POS003');
INSERT INTO EMP (EMP_ID, EMP_PWD, EMP_NAME, GENDER, RRN, MOBILE, EMAIL, POST_CODE, ADDRESS1, ADDRESS2, HIRE_DATE, STATUS, PHOTO_FILE_ID, CREATED_DATE, LAST_LOGIN, DEPT_ID, POS_CODE) VALUES ('1705725', '$2a$10$aaWH8JptD7aMu/F9nd0O9etgU2HyywAbdbTt9DEPL80Nphl1ev2AW', '조승우', 'M', '920109-5576877', '010-0194-5295', 'josw@yeoun.com', '54226', '대전광역시 유성구 대학로 99 궁동 23-5', 'B동 404호', TO_DATE('2017-05-08', 'YYYY-MM-DD'), 'ACTIVE', NULL, SYSTIMESTAMP, SYSTIMESTAMP, 'DEP002', 'POS003');
INSERT INTO EMP (EMP_ID, EMP_PWD, EMP_NAME, GENDER, RRN, MOBILE, EMAIL, POST_CODE, ADDRESS1, ADDRESS2, HIRE_DATE, STATUS, PHOTO_FILE_ID, CREATED_DATE, LAST_LOGIN, DEPT_ID, POS_CODE) VALUES ('1702994', '$2a$10$aaWH8JptD7aMu/F9nd0O9etgU2HyywAbdbTt9DEPL80Nphl1ev2AW', '유은희', 'F', '950120-6739717', '010-0156-2035', 'youeh@yeoun.com', '17646', '광주광역시 서구 상무중앙로 7 치평동 1201-2', '501호', TO_DATE('2017-02-05', 'YYYY-MM-DD'), 'ACTIVE', NULL, SYSTIMESTAMP, SYSTIMESTAMP, 'DEP004', 'POS001');
INSERT INTO EMP (EMP_ID, EMP_PWD, EMP_NAME, GENDER, RRN, MOBILE, EMAIL, POST_CODE, ADDRESS1, ADDRESS2, HIRE_DATE, STATUS, PHOTO_FILE_ID, CREATED_DATE, LAST_LOGIN, DEPT_ID, POS_CODE) VALUES ('1610136', '$2a$10$aaWH8JptD7aMu/F9nd0O9etgU2HyywAbdbTt9DEPL80Nphl1ev2AW', '김고은', 'F', '810110-6221761', '010-0124-4846', 'kimge69@yeoun.com', '53940', '경기도 성남시 분당구 정자일로 95 정자동 느티마을 3단지 1203호', '3층', TO_DATE('2016-10-24', 'YYYY-MM-DD'), 'ACTIVE', NULL, SYSTIMESTAMP, SYSTIMESTAMP, 'DEP005', 'POS001');
INSERT INTO EMP (EMP_ID, EMP_PWD, EMP_NAME, GENDER, RRN, MOBILE, EMAIL, POST_CODE, ADDRESS1, ADDRESS2, HIRE_DATE, STATUS, PHOTO_FILE_ID, CREATED_DATE, LAST_LOGIN, DEPT_ID, POS_CODE) VALUES ('1509290', '$2a$10$aaWH8JptD7aMu/F9nd0O9etgU2HyywAbdbTt9DEPL80Nphl1ev2AW', '김태희', 'F', '020914-5535037', '010-0267-2622', 'kimth63@yeoun.com', '55238', '광주광역시 서구 상무중앙로 7 치평동 1201-2', '102동 1202호', TO_DATE('2015-09-12', 'YYYY-MM-DD'), 'ACTIVE', NULL, SYSTIMESTAMP, SYSTIMESTAMP, 'DEP001', 'POS001');
INSERT INTO EMP (EMP_ID, EMP_PWD, EMP_NAME, GENDER, RRN, MOBILE, EMAIL, POST_CODE, ADDRESS1, ADDRESS2, HIRE_DATE, STATUS, PHOTO_FILE_ID, CREATED_DATE, LAST_LOGIN, DEPT_ID, POS_CODE) VALUES ('1508863', '$2a$10$aaWH8JptD7aMu/F9nd0O9etgU2HyywAbdbTt9DEPL80Nphl1ev2AW', '이영애', 'F', '860815-5997004', '010-0192-2627', 'leeya@yeoun.com', '36092', '대전광역시 유성구 대학로 99 궁동 23-5', '102동 1202호', TO_DATE('2015-08-09', 'YYYY-MM-DD'), 'ACTIVE', NULL, SYSTIMESTAMP, SYSTIMESTAMP, 'DEP002', 'POS002');
INSERT INTO EMP (EMP_ID, EMP_PWD, EMP_NAME, GENDER, RRN, MOBILE, EMAIL, POST_CODE, ADDRESS1, ADDRESS2, HIRE_DATE, STATUS, PHOTO_FILE_ID, CREATED_DATE, LAST_LOGIN, DEPT_ID, POS_CODE) VALUES ('1506104', '$2a$10$aaWH8JptD7aMu/F9nd0O9etgU2HyywAbdbTt9DEPL80Nphl1ev2AW', '이나연', 'F', '860228-6196126', '010-0269-4475', 'junghi@yeoun.com', '25962', '서울특별시 강남구 테헤란로 231 삼성동 100-1', '2층', TO_DATE('2015-06-05', 'YYYY-MM-DD'), 'ACTIVE', NULL, SYSTIMESTAMP, SYSTIMESTAMP, 'DEP002', 'POS001');
INSERT INTO EMP (EMP_ID, EMP_PWD, EMP_NAME, GENDER, RRN, MOBILE, EMAIL, POST_CODE, ADDRESS1, ADDRESS2, HIRE_DATE, STATUS, PHOTO_FILE_ID, CREATED_DATE, LAST_LOGIN, DEPT_ID, POS_CODE) VALUES ('1501716', '$2a$10$aaWH8JptD7aMu/F9nd0O9etgU2HyywAbdbTt9DEPL80Nphl1ev2AW', '박승표', 'M', '980403-5714867', '010-0155-4817', 'spyo@yeoun.com', '19482', '서울특별시 강남구 테헤란로 231 삼성동 100-1', '서해그랑블 902호', TO_DATE('2015-01-05', 'YYYY-MM-DD'), 'ACTIVE', NULL, SYSTIMESTAMP, SYSTIMESTAMP, 'DEP003', 'POS001');
INSERT INTO EMP (EMP_ID, EMP_PWD, EMP_NAME, GENDER, RRN, MOBILE, EMAIL, POST_CODE, ADDRESS1, ADDRESS2, HIRE_DATE, STATUS, PHOTO_FILE_ID, CREATED_DATE, LAST_LOGIN, DEPT_ID, POS_CODE) VALUES ('1412699', '$2a$10$aaWH8JptD7aMu/F9nd0O9etgU2HyywAbdbTt9DEPL80Nphl1ev2AW', '김아름', 'F', '970526-5215266', '010-0269-1422', 'kimdm17@yeoun.com', '11034', '인천광역시 연수구 송도과학로 32 송도동 더샵 101동 803호', '2층', TO_DATE('2014-12-06', 'YYYY-MM-DD'), 'ACTIVE', NULL, SYSTIMESTAMP, SYSTIMESTAMP, 'DEP004', 'POS003');
INSERT INTO EMP (EMP_ID, EMP_PWD, EMP_NAME, GENDER, RRN, MOBILE, EMAIL, POST_CODE, ADDRESS1, ADDRESS2, HIRE_DATE, STATUS, PHOTO_FILE_ID, CREATED_DATE, LAST_LOGIN, DEPT_ID, POS_CODE) VALUES ('1404285', '$2a$10$aaWH8JptD7aMu/F9nd0O9etgU2HyywAbdbTt9DEPL80Nphl1ev2AW', '이민호', 'M', '880105-6651640', '010-0129-2041', 'leemh61@yeoun.com', '39622', '강원특별자치도 춘천시 중앙로 30 석사동 30-1', 'B동 404호', TO_DATE('2014-04-17', 'YYYY-MM-DD'), 'ACTIVE', NULL, SYSTIMESTAMP, SYSTIMESTAMP, 'DEP003', 'POS001');
INSERT INTO EMP (EMP_ID, EMP_PWD, EMP_NAME, GENDER, RRN, MOBILE, EMAIL, POST_CODE, ADDRESS1, ADDRESS2, HIRE_DATE, STATUS, PHOTO_FILE_ID, CREATED_DATE, LAST_LOGIN, DEPT_ID, POS_CODE) VALUES ('1401244', '$2a$10$aaWH8JptD7aMu/F9nd0O9etgU2HyywAbdbTt9DEPL80Nphl1ev2AW', '김혜정', 'F', '871002-6580292', '010-0264-1510', 'ryujy8@yeoun.com', '42130', '울산광역시 남구 삼산중로 100 삼산동 502-1', 'B동 404호', TO_DATE('2014-01-23', 'YYYY-MM-DD'), 'ACTIVE', NULL, SYSTIMESTAMP, SYSTIMESTAMP, 'DEP001', 'POS001');
INSERT INTO EMP (EMP_ID, EMP_PWD, EMP_NAME, GENDER, RRN, MOBILE, EMAIL, POST_CODE, ADDRESS1, ADDRESS2, HIRE_DATE, STATUS, PHOTO_FILE_ID, CREATED_DATE, LAST_LOGIN, DEPT_ID, POS_CODE) VALUES ('1306178', '$2a$10$aaWH8JptD7aMu/F9nd0O9etgU2HyywAbdbTt9DEPL80Nphl1ev2AW', '차은우', 'M', '940203-6737846', '010-0137-2076', 'eunwoo@yeoun.com', '34962', '제주특별자치도 제주시 연삼로 120 연동 1200-2', '2층', TO_DATE('2013-06-20', 'YYYY-MM-DD'), 'ACTIVE', NULL, SYSTIMESTAMP, SYSTIMESTAMP, 'DEP004', 'POS004');
INSERT INTO EMP (EMP_ID, EMP_PWD, EMP_NAME, GENDER, RRN, MOBILE, EMAIL, POST_CODE, ADDRESS1, ADDRESS2, HIRE_DATE, STATUS, PHOTO_FILE_ID, CREATED_DATE, LAST_LOGIN, DEPT_ID, POS_CODE) VALUES ('1302617', '$2a$10$aaWH8JptD7aMu/F9nd0O9etgU2HyywAbdbTt9DEPL80Nphl1ev2AW', '손흥민', 'M', '960515-6203996', '010-0279-2874', 'sonny@yeoun.com', '39593', '인천광역시 연수구 송도과학로 32 송도동 더샵 101동 803호', '501호', TO_DATE('2013-02-08', 'YYYY-MM-DD'), 'ACTIVE', NULL, SYSTIMESTAMP, SYSTIMESTAMP, 'DEP003', 'POS002');
INSERT INTO EMP (EMP_ID, EMP_PWD, EMP_NAME, GENDER, RRN, MOBILE, EMAIL, POST_CODE, ADDRESS1, ADDRESS2, HIRE_DATE, STATUS, PHOTO_FILE_ID, CREATED_DATE, LAST_LOGIN, DEPT_ID, POS_CODE) VALUES ('1301823', '$2a$10$aaWH8JptD7aMu/F9nd0O9etgU2HyywAbdbTt9DEPL80Nphl1ev2AW', '김연아', 'F', '930627-6518098', '010-0206-2557', 'kimya41@yeoun.com', '20003', '광주광역시 서구 상무중앙로 7 치평동 1201-2', '3층', TO_DATE('2013-01-22', 'YYYY-MM-DD'), 'ACTIVE', NULL, SYSTIMESTAMP, SYSTIMESTAMP, 'DEP003', 'POS004');
INSERT INTO EMP (EMP_ID, EMP_PWD, EMP_NAME, GENDER, RRN, MOBILE, EMAIL, POST_CODE, ADDRESS1, ADDRESS2, HIRE_DATE, STATUS, PHOTO_FILE_ID, CREATED_DATE, LAST_LOGIN, DEPT_ID, POS_CODE) VALUES ('1212618', '$2a$10$aaWH8JptD7aMu/F9nd0O9etgU2HyywAbdbTt9DEPL80Nphl1ev2AW', '박지성', 'M', '950203-5197758', '010-0210-2582', 'parkjs@yeoun.com', '48434', '강원특별자치도 춘천시 중앙로 30 석사동 30-1', '102동 1202호', TO_DATE('2012-12-18', 'YYYY-MM-DD'), 'ACTIVE', NULL, SYSTIMESTAMP, SYSTIMESTAMP, 'DEP002', 'POS001');
INSERT INTO EMP (EMP_ID, EMP_PWD, EMP_NAME, GENDER, RRN, MOBILE, EMAIL, POST_CODE, ADDRESS1, ADDRESS2, HIRE_DATE, STATUS, PHOTO_FILE_ID, CREATED_DATE, LAST_LOGIN, DEPT_ID, POS_CODE) VALUES ('1210571', '$2a$10$aaWH8JptD7aMu/F9nd0O9etgU2HyywAbdbTt9DEPL80Nphl1ev2AW', '김유리', 'F', '970622-5530764', '010-0190-7929', 'yoona93@yeoun.com', '33045', '제주특별자치도 제주시 연삼로 120 연동 1200-2', '꿈에그린 2층', TO_DATE('2012-10-04', 'YYYY-MM-DD'), 'ACTIVE', NULL, SYSTIMESTAMP, SYSTIMESTAMP, 'DEP001', 'POS002');
INSERT INTO EMP (EMP_ID, EMP_PWD, EMP_NAME, GENDER, RRN, MOBILE, EMAIL, POST_CODE, ADDRESS1, ADDRESS2, HIRE_DATE, STATUS, PHOTO_FILE_ID, CREATED_DATE, LAST_LOGIN, DEPT_ID, POS_CODE) VALUES ('1209349', '$2a$10$aaWH8JptD7aMu/F9nd0O9etgU2HyywAbdbTt9DEPL80Nphl1ev2AW', '김은혜', 'F', '950815-5788637', '010-0223-4674', 'keh@yeoun.com', '59978', '대전광역시 유성구 대학로 99 궁동 23-5', 'B동 404호', TO_DATE('2012-09-09', 'YYYY-MM-DD'), 'ACTIVE', NULL, SYSTIMESTAMP, SYSTIMESTAMP, 'DEP004', 'POS001');
INSERT INTO MSG_STATUS (EMP_ID, AVLB_STAT,AVLB_UPDATED,AUTO_WORK_STAT,MANUAL_WORK_STAT,WORK_STAT_UPDATED,WORK_STAT_SOURCE,ONLINE_YN,LAST_LOGIN,MSG_PROFILE,REMARK) VALUES ('2511027','ONLINE', SYSDATE, 'IN', NULL, SYSDATE, 'SYSTEM', 'Y', SYSDATE, 1, NULL);

-- 연차 데이터
INSERT INTO annual_leave (LEAVE_ID, PERIOD_END, PERIOD_START, REASON, REMAIN_DAYS, TOTAL_DAYS, UPDATED_DATE, UPDATED_USER, USE_YEAR, USED_DAYS, EMP_ID) VALUES
(60, TO_DATE('26/11/20','RR/MM/DD'), TO_DATE('25/11/21','RR/MM/DD'), NULL, 1, 1, NULL, NULL, 2025, 0, '2511802'),
(1, TO_DATE('26/11/11','RR/MM/DD'), TO_DATE('25/11/12','RR/MM/DD'), NULL, 1, 1, NULL, NULL, 2025, 0, '2511491'),
(2, TO_DATE('26/11/10','RR/MM/DD'), TO_DATE('25/11/11','RR/MM/DD'), NULL, 1, 1, NULL, NULL, 2025, 0, '2511733'),
(3, TO_DATE('26/11/12','RR/MM/DD'), TO_DATE('25/11/13','RR/MM/DD'), NULL, 1, 1, NULL, NULL, 2025, 0, '2511100'),
(4, TO_DATE('26/11/01','RR/MM/DD'), TO_DATE('25/11/02','RR/MM/DD'), '테스트', 1, 1, TO_TIMESTAMP('25/11/20 11:46:05.390129000','RR/MM/DD HH24:MI:SS.FF'), '2412911', 2025, 0, '2511915'),
(5, TO_DATE('25/12/31','RR/MM/DD'), TO_DATE('25/01/01','RR/MM/DD'), '리프레시 연차', 23, 25, TO_TIMESTAMP('25/11/24 09:46:01.140898000','RR/MM/DD HH24:MI:SS.FF'), '2511793', 2025, 2, '2511793'),
(6, TO_DATE('26/11/16','RR/MM/DD'), TO_DATE('25/11/17','RR/MM/DD'), NULL, 1, 1, NULL, NULL, 2025, 0, '2511357'),
(7, TO_DATE('26/06/22','RR/MM/DD'), TO_DATE('25/06/23','RR/MM/DD'), NULL, 6, 6, NULL, NULL, 2025, 0, '2506864'),
(8, TO_DATE('26/06/06','RR/MM/DD'), TO_DATE('25/06/07','RR/MM/DD'), NULL, 6, 6, NULL, NULL, 2025, 0, '2506589'),
(9, TO_DATE('25/12/31','RR/MM/DD'), TO_DATE('25/01/01','RR/MM/DD'), NULL, 15, 15, NULL, NULL, 2025, 0, '2511027'),
(10, TO_DATE('25/12/31','RR/MM/DD'), TO_DATE('25/01/01','RR/MM/DD'), 'test', 20, 20, TO_TIMESTAMP('25/11/24 09:32:43.060788000','RR/MM/DD HH24:MI:SS.FF'), '2511793', 2025, 0, '0009236'),
(11, TO_DATE('26/02/15','RR/MM/DD'), TO_DATE('25/02/16','RR/MM/DD'), NULL, 10, 10, NULL, NULL, 2025, 0, '2502310'),
(12, TO_DATE('25/12/31','RR/MM/DD'), TO_DATE('25/01/01','RR/MM/DD'), NULL, 11, 11, NULL, NULL, 2025, 0, '2412911'),
(13, TO_DATE('25/12/31','RR/MM/DD'), TO_DATE('25/01/01','RR/MM/DD'), NULL, 15, 15, NULL, NULL, 2025, 0, '2410807'),
(14, TO_DATE('25/12/31','RR/MM/DD'), TO_DATE('25/01/01','RR/MM/DD'), NULL, 15, 15, NULL, NULL, 2025, 0, '2407787'),
(15, TO_DATE('25/12/31','RR/MM/DD'), TO_DATE('25/01/01','RR/MM/DD'), NULL, 15, 15, NULL, NULL, 2025, 0, '2407628'),
(16, TO_DATE('25/12/31','RR/MM/DD'), TO_DATE('25/01/01','RR/MM/DD'), NULL, 15, 15, NULL, NULL, 2025, 0, '2401300'),
(17, TO_DATE('25/12/31','RR/MM/DD'), TO_DATE('25/01/01','RR/MM/DD'), NULL, 15, 15, NULL, NULL, 2025, 0, '2308263'),
(18, TO_DATE('25/12/31','RR/MM/DD'), TO_DATE('25/01/01','RR/MM/DD'), NULL, 16, 16, NULL, NULL, 2025, 0, '2303363'),
(19, TO_DATE('25/12/31','RR/MM/DD'), TO_DATE('25/01/01','RR/MM/DD'), NULL, 16, 16, NULL, NULL, 2025, 0, '2110664'),
(20, TO_DATE('25/12/31','RR/MM/DD'), TO_DATE('25/01/01','RR/MM/DD'), NULL, 16, 16, NULL, NULL, 2025, 0, '2109967'),
(21, TO_DATE('25/12/31','RR/MM/DD'), TO_DATE('25/01/01','RR/MM/DD'), NULL, 16, 16, NULL, NULL, 2025, 0, '2109869'),
(22, TO_DATE('25/12/31','RR/MM/DD'), TO_DATE('25/01/01','RR/MM/DD'), NULL, 16, 16, NULL, NULL, 2025, 0, '2107996'),
(23, TO_DATE('25/12/31','RR/MM/DD'), TO_DATE('25/01/01','RR/MM/DD'), NULL, 16, 16, NULL, NULL, 2025, 0, '2103347'),
(24, TO_DATE('25/12/31','RR/MM/DD'), TO_DATE('25/01/01','RR/MM/DD'), NULL, 16, 16, NULL, NULL, 2025, 0, '2012978'),
(25, TO_DATE('25/12/31','RR/MM/DD'), TO_DATE('25/01/01','RR/MM/DD'), NULL, 17, 17, NULL, NULL, 2025, 0, '2011710'),
(26, TO_DATE('25/12/31','RR/MM/DD'), TO_DATE('25/01/01','RR/MM/DD'), NULL, 17, 17, TO_TIMESTAMP('25/11/23 08:48:34.689260000','RR/MM/DD HH24:MI:SS.FF'), '2511793', 2025, 0, '2004459'),
(27, TO_DATE('25/12/31','RR/MM/DD'), TO_DATE('25/01/01','RR/MM/DD'), NULL, 17, 17, NULL, NULL, 2025, 0, '1908631'),
(28, TO_DATE('25/12/31','RR/MM/DD'), TO_DATE('25/01/01','RR/MM/DD'), NULL, 17, 17, NULL, NULL, 2025, 0, '1907475'),
(29, TO_DATE('25/12/31','RR/MM/DD'), TO_DATE('25/01/01','RR/MM/DD'), NULL, 17, 17, NULL, NULL, 2025, 0, '1906734'),
(30, TO_DATE('25/12/31','RR/MM/DD'), TO_DATE('25/01/01','RR/MM/DD'), NULL, 17, 17, NULL, NULL, 2025, 0, '1904184'),
(31, TO_DATE('25/12/31','RR/MM/DD'), TO_DATE('25/01/01','RR/MM/DD'), NULL, 18, 18, NULL, NULL, 2025, 0, '1807375'),
(32, TO_DATE('25/12/31','RR/MM/DD'), TO_DATE('25/01/01','RR/MM/DD'), NULL, 17, 18, NULL, NULL, 2025, 1, '1707923'),
(33, TO_DATE('25/12/31','RR/MM/DD'), TO_DATE('25/01/01','RR/MM/DD'), NULL, 18, 18, NULL, NULL, 2025, 0, '1707705'),
(34, TO_DATE('25/12/31','RR/MM/DD'), TO_DATE('25/01/01','RR/MM/DD'), NULL, 18, 18, NULL, NULL, 2025, 0, '1706721'),
(35, TO_DATE('25/12/31','RR/MM/DD'), TO_DATE('25/01/01','RR/MM/DD'), NULL, 18, 18, NULL, NULL, 2025, 0, '1705725'),
(36, TO_DATE('25/12/31','RR/MM/DD'), TO_DATE('25/01/01','RR/MM/DD'), NULL, 18, 18, NULL, NULL, 2025, 0, '1702994'),
(37, TO_DATE('25/12/31','RR/MM/DD'), TO_DATE('25/01/01','RR/MM/DD'), NULL, 19, 19, NULL, NULL, 2025, 0, '1610136'),
(38, TO_DATE('25/12/31','RR/MM/DD'), TO_DATE('25/01/01','RR/MM/DD'), NULL, 19, 19, NULL, NULL, 2025, 0, '1508863'),
(39, TO_DATE('25/12/31','RR/MM/DD'), TO_DATE('25/01/01','RR/MM/DD'), NULL, 19, 19, NULL, NULL, 2025, 0, '1506104'),
(40, TO_DATE('25/12/31','RR/MM/DD'), TO_DATE('25/01/01','RR/MM/DD'), NULL, 19, 19, NULL, NULL, 2025, 0, '1501716'),
(41, TO_DATE('25/12/31','RR/MM/DD'), TO_DATE('25/01/01','RR/MM/DD'), NULL, 19, 19, NULL, NULL, 2025, 0, '1412699'),
(42, TO_DATE('25/12/31','RR/MM/DD'), TO_DATE('25/01/01','RR/MM/DD'), NULL, 20, 20, NULL, NULL, 2025, 0, '1404285'),
(43, TO_DATE('25/12/31','RR/MM/DD'), TO_DATE('25/01/01','RR/MM/DD'), 'qusrud', 20, 27, TO_TIMESTAMP('25/11/24 05:42:21.415839000','RR/MM/DD HH24:MI:SS.FF'), '2511793', 2025, 0, '1401244'),
(44, TO_DATE('25/12/31','RR/MM/DD'), TO_DATE('25/01/01','RR/MM/DD'), NULL, 20, 20, NULL, NULL, 2025, 0, '1306178'),
(45, TO_DATE('25/12/31','RR/MM/DD'), TO_DATE('25/01/01','RR/MM/DD'), 'test', 20, 20, TO_TIMESTAMP('25/11/24 09:33:10.217931000','RR/MM/DD HH24:MI:SS.FF'), '2511793', 2025, 0, '1302617'),
(46, TO_DATE('25/12/31','RR/MM/DD'), TO_DATE('25/01/01','RR/MM/DD'), '테스트', 20, 22, TO_TIMESTAMP('25/11/24 05:39:54.494329000','RR/MM/DD HH24:MI:SS.FF'), '2511793', 2025, 0, '1301823'),
(47, TO_DATE('25/12/31','RR/MM/DD'), TO_DATE('25/01/01','RR/MM/DD'), NULL, 20, 20, NULL, NULL, 2025, 0, '1212618'),
(48, TO_DATE('25/12/31','RR/MM/DD'), TO_DATE('25/01/01','RR/MM/DD'), NULL, 21, 21, NULL, NULL, 2025, 0, '1210571'),
(49, TO_DATE('25/12/31','RR/MM/DD'), TO_DATE('25/01/01','RR/MM/DD'), NULL, 21, 21, NULL, NULL, 2025, 0, '1209349'),
(50, TO_DATE('26/05/17','RR/MM/DD'), TO_DATE('25/05/18','RR/MM/DD'), NULL, 7, 7, NULL, NULL, 2025, 0, '2505823'),
(51, TO_DATE('25/12/31','RR/MM/DD'), TO_DATE('25/01/01','RR/MM/DD'), NULL, 15, 15, NULL, NULL, 2025, 0, '2303184'),
(52, TO_DATE('25/12/31','RR/MM/DD'), TO_DATE('25/01/01','RR/MM/DD'), NULL, 16, 16, NULL, NULL, 2025, 0, '2104502'),
(53, TO_DATE('25/12/31','RR/MM/DD'), TO_DATE('25/01/01','RR/MM/DD'), '증가테스트', 12.5, 17, TO_TIMESTAMP('25/11/23 08:46:27.282926000','RR/MM/DD HH24:MI:SS.FF'), '2511793', 2025, 4.5, '2001752'),
(54, TO_DATE('25/12/31','RR/MM/DD'), TO_DATE('25/01/01','RR/MM/DD'), NULL, 18, 18, NULL, NULL, 2025, 0, '1804830'),
(55, TO_DATE('25/12/31','RR/MM/DD'), TO_DATE('25/01/01','RR/MM/DD'), NULL, 19, 19, NULL, NULL, 2025, 0, '1509290'),
(56, TO_DATE('26/10/31','RR/MM/DD'), TO_DATE('25/11/01','RR/MM/DD'), NULL, 1, 1, NULL, NULL, 2025, 0, '2511340'),
(59, TO_DATE('26/11/20','RR/MM/DD'), TO_DATE('25/11/21','RR/MM/DD'), NULL, 1, 1, NULL, NULL, 2025, 0, '2511015'),
(62, TO_DATE('26/11/22','RR/MM/DD'), TO_DATE('25/11/23','RR/MM/DD'), NULL, 1, 1, NULL, NULL, 2025, 0, '2511579'),
(63, TO_DATE('26/11/23','RR/MM/DD'), TO_DATE('25/11/24','RR/MM/DD'), NULL, 1, 1, NULL, NULL, 2025, 0, '2511233'),
(61, TO_DATE('26/11/20','RR/MM/DD'), TO_DATE('25/11/21','RR/MM/DD'), NULL, 1, 1, NULL, NULL, 2025, 0, '2511484');

-- 연차 및 근태 공통코드
INSERT INTO COMMON_CODE (CODE_ID, CODE_DESC, CODE_NAME, CODE_SEQ, CREATED_DATE, CREATED_USER, LEVEL_NO, SYS_TYPE, UPDATED_DATE, UPDATED_USER, USE_YN, PARENT_CODE_ID) 
VALUES
-- 1) ANNUAL_BASIS 그룹
('ANNUAL_BASIS', '연차 산정 기준 구분 그룹', '연차 기준', 1, TO_TIMESTAMP('25/11/12 13:49:19.000000000','RR/MM/DD HH24:MI:SS.FF'), 'SYSTEM', 1, 'COMMON', NULL, NULL, 'Y', NULL),
-- 2) FY (자식 코드)
('FY', '회계연도를 기준으로 연차를 산정', '회계연도 기준', 1, TO_TIMESTAMP('25/11/12 13:49:29.000000000','RR/MM/DD HH24:MI:SS.FF'), 'SYSTEM', 2, 'COMMON', NULL, NULL, 'Y', 'ANNUAL_BASIS'),
-- 3) JOIN (자식 코드)
('JOIN', '입사일을 기준으로 연차를 산정', '입사일 기준', 2, TO_TIMESTAMP('25/11/12 13:49:40.000000000','RR/MM/DD HH24:MI:SS.FF'), 'SYSTEM', 2, 'COMMON', NULL, NULL, 'Y', 'ANNUAL_BASIS'),
-- 4) LEAVE_TYPE 그룹
('LEAVE_TYPE', '연차 / 반차 / 병가 등 휴가 종류 관리', '휴가 유형 그룹', 1, TO_TIMESTAMP('25/11/14 15:29:39.000000000','RR/MM/DD HH24:MI:SS.FF'), 'SYSTEM', 1, 'COMMON', NULL, NULL,'Y', NULL),
-- 5) ANNUAL (연차)
('ANNUAL', '연차 휴가', '연차', 1, TO_TIMESTAMP('25/11/14 15:30:03.000000000','RR/MM/DD HH24:MI:SS.FF'), 'SYSTEM', 2, 'COMMON', NULL, NULL, 'Y', 'LEAVE_TYPE'),
-- 6) HALF (반차)
('HALF', '반차 휴가', '반차', 2, TO_TIMESTAMP('25/11/14 15:30:09.000000000','RR/MM/DD HH24:MI:SS.FF'), 'SYSTEM', 2, 'COMMON', NULL, NULL, 'Y', 'LEAVE_TYPE'),
-- 7) SICK (병가)
('SICK', '병가 휴가', '병가', 3, TO_TIMESTAMP('25/11/14 15:30:15.000000000','RR/MM/DD HH24:MI:SS.FF'), 'SYSTEM', 2, 'COMMON', NULL, NULL, 'Y', 'LEAVE_TYPE');

-- 최고관리자 저장
INSERT INTO EMP (
    EMP_ID, EMP_PWD, EMP_NAME, GENDER, RRN, MOBILE, EMAIL, POST_CODE, ADDRESS1, ADDRESS2,
    HIRE_DATE, STATUS, PHOTO_FILE_ID, CREATED_DATE, LAST_LOGIN, DEPT_ID, POS_CODE
) VALUES (
    '2511793',
    '$2a$10$aaWH8JptD7aMu/F9nd0O9etgU2HyywAbdbTt9DEPL80Nphl1ev2AW',
    '최고관리자',
    'M',
    '990123-1234865',
    '010-2222-3333',
    'admin@yeoun.com',
    '07591',
    '서울 강서구 강서로 374 (등촌동)',
    NULL,
    TO_DATE('2023-03-15', 'YYYY-MM-DD'),
    'ACTIVE',
    72,
    SYSTIMESTAMP,
    SYSTIMESTAMP,
    'DEP999',
    'POS007'
);

-- NOTICE 테이블 샘플 데이터 초기화
INSERT INTO NOTICE (NOTICE_ID, CREATED_DATE, CREATED_USER, NOTICE_CONTENT, NOTICE_TITLE, NOTICEYN, UPDATED_DATE, DELETEYN, UPDATED_USER) VALUES
(1, '2025-11-20 10:00:00', '2511793', '연말 정산 서류 제출 바랍니다.', '연말정산 안내', 'Y', '2025-11-21 08:20:00', 'N', '2511793');

INSERT INTO NOTICE (NOTICE_ID, CREATED_DATE, CREATED_USER, NOTICE_CONTENT, NOTICE_TITLE, NOTICEYN, UPDATED_DATE, DELETEYN, UPDATED_USER) VALUES
(2, '2025-11-22 09:30:00', '2511793', '11월 28일 서버 점검 예정입니다.', '서버 점검 공지', 'Y', NULL, 'N', NULL);

INSERT INTO NOTICE (NOTICE_ID, CREATED_DATE, CREATED_USER, NOTICE_CONTENT, NOTICE_TITLE, NOTICEYN, UPDATED_DATE, DELETEYN, UPDATED_USER) VALUES
(3, '2025-11-23 15:15:00', '2511793', '복리후생 신청 마감: 11월 30일', '복리후생 안내', 'Y', NULL, 'N', NULL);

INSERT INTO NOTICE (NOTICE_ID, CREATED_DATE, CREATED_USER, NOTICE_CONTENT, NOTICE_TITLE, NOTICEYN, UPDATED_DATE, DELETEYN, UPDATED_USER) VALUES
(4, '2025-11-01 09:20:00', '2511793', '사내 커피머신은 오후 5시 이후에는 사용을 삼가주시기 바랍니다.', '커피머신 사용 안내', 'N', NULL, 'N', NULL);

INSERT INTO NOTICE (NOTICE_ID, CREATED_DATE, CREATED_USER, NOTICE_CONTENT, NOTICE_TITLE, NOTICEYN, UPDATED_DATE, DELETEYN, UPDATED_USER) VALUES
(5, '2025-10-15 15:00:00', '2511793', '10월 27일부터 회의실 예약 시스템이 변경됩니다.', '회의실 예약 시스템 변경', 'N', NULL, 'N', NULL);

INSERT INTO NOTICE (NOTICE_ID, CREATED_DATE, CREATED_USER, NOTICE_CONTENT, NOTICE_TITLE, NOTICEYN, UPDATED_DATE, DELETEYN, UPDATED_USER) VALUES
(6, '2025-09-29 08:10:00', '2511793', '임직원용 건강검진 쿠폰이 지급되었습니다. 각자 확인 바랍니다.', '건강검진 쿠폰 지급 안내', 'N', NULL, 'N', NULL);

-- 근태 정책관리 데이터
INSERT INTO WORK_POLICY (POLICY_ID, ANNUAL_BASIS, CREATED_DATE, IN_TIME, LATE_LIMIT, LUNCH_IN, LUNCH_OUT, OUT_TIME, UPDATED_DATE)
VALUES (1, 'FY', TO_DATE('25/11/12','RR/MM/DD'), '09:00', 5, '12:00', '13:00', '18:00', TO_DATE('25/11/24','RR/MM/DD'));